comments,likes,sentiment
–ë–ª—è –°–ª–∞–≤–∫–∞ —ç—Ç–æ –ø–∏–∑–¥–µ—Ü —á–∏—Å—Ç—ã–π,0,3 stars
–í–µ—Ä–Ω–∏—Ç–µ –¥–∏–∫–∞–ø—Ä–∏–æ –ë—É—Ä—É–Ω–æ–≤—É!!!!!)<br>–ê–ª–µ!! –¢–†–ï–ë–£–ï–ú!!!,0,5 stars
–ë–°–¢ –ü–ù–•,0,4 stars
–ù–∞–∫–æ–Ω–µ—Ü —Ç–æ —á–µ–ª–æ–≤–µ—á–µ—Å–∫–∏–π –≥–æ—Å—Ç—å,0,5 stars
–ù–∏—Ö—É—è –±—É—Ä—É–Ω–æ–≤ 2 –∑–∞—Ç–∞—â–∏–ª –∫–æ–≥–¥–∞ —É–∂–µ –±—É–¥–µ—Ç –ö–æ–ª—è–Ω –∏–∑ —Ä–µ–∞–ª—å–Ω—ã—Ö –ø–∞—Ü–∞–Ω–æ–≤,0,1 star
–†–µ–±—è—Ç –∞ –≥–¥–µ –ö–∏–µ–≤—Å—Ç–æ—É–Ω–µ—Ä?,0,1 star
–ë—É—Ä—É–Ω–æ–≤ –ª—É—á—à–∏–π! –õ–ï–ì–ï–ù–î–ê !,1,5 stars
–ü–æ–º–æ–µ–º—É –ù–∞ –≤—ã–ø—É—Å–∫–∞—Ö –°–µ—Ä–≥–µ—è –ë—É—Ä—É–Ω–æ–≤–∞ –∏ –û—Ç–∞—Ä–∞ –ö—É—à–∞–Ω–∞—à–≤–∏–ª–∏ –Ω—É–∂–Ω–æ –í–∞—Å–∏–ª–∏—é —Å—Ä–∞–∑—É —Å—á–µ—Ç –∑–∞–∫—Ä—ã–≤–∞—Ç—å) –µ—â–µ –≤ –ø—Ä–µ–≤—å—éüòÖ,0,4 stars
–ë–∞—Å—Ç–∞ –∏ –ë—É—Ä—É–Ω–æ–≤ - —ç—Ç–æ –ø—Ä–æ—Å—Ç–æ –Ω–µ—á—Ç–æ –¥–∏–∫–æ–≤–∏–Ω–Ω–æ–µ!),0,5 stars
"–°–µ—Ä—ë–≥–∞ –ë—É—Ä—É–Ω–æ–≤, –Ω–∞—Å—Ç–æ–ª—å–∫–æ —Ç–∞–ª–∞–Ω—Ç–ª–∏–≤—ã–π –∞–∫—Ç—ë—Ä –∏ —é–º–æ—Ä–∏—Å—Ç, –º–æ—ë —É–≤–∞–∂–µ–Ω–∏–µüòÇüí™üëç",0,5 stars
"–ö–∞–∫ —á–µ–ª–æ–≤–µ–∫, –∂–∏–≤—É—â–∏–π –≤ –û—Ä–µ—Ö–æ–≤–æ –ë–æ—Ä–∏—Å–æ–≤–æ —é–∂–Ω–æ–µ –≤—Å—é —Å–≤–æ—é –Ω–µ–¥–æ–ª–≥—É—é –∂–∏–∑–Ω—å, –º–æ–≥—É —Å–∫–∞–∑–∞—Ç—å, —á—Ç–æ —ç—Ä–∞ –ø–∏–∑–¥–µ—Ü–∞ –∑–∞–∫–æ–Ω—á–∏–ª–∞—Å—å, –∏ –≤—Å—ë –±—ã—Å—Ç—Ä–æ –ø—Ä–µ–æ–±—Ä–∞–∂–∞–µ—Ç—Å—è. –ñ–¥—ë–º –°–µ—Ä–≥–µ—è –≤ –≥–æ—Å—Ç–∏.  –•–æ—Ç–µ–ª–æ—Å—å –±—ã –ø–æ—Å–ª—É—à–∞—Ç—å –æ –µ–≥–æ —é–Ω–æ—Å—Ç–∏ –Ω–∞ –Ω–∞—à–µ–º —Ä–∞–π–æ–Ω–µ –±–æ–ª—å—à–µ",0,5 stars
–î–≤–µ –ª–µ–≥–µ–Ω–¥—ã,0,4 stars
–í–ú–ï–°–¢–û –ö–û–õ–ë–ê–°–´  –ö–†–ï–í–ï–¢–ö–ò) –¢–û–ñ –¢–û–ü,0,5 stars
"Baby Cute –≤ —É–Ω–∏–≤–µ—Ä–µ –ø–ª–æ—Ö–æ –∫–æ—Ä–º—è—Ç, –ø—Ä–∏—è—Ç–Ω–æ–≥–æ –∞–ø–ø–µ—Ç–∏—Ç–∞üòÇ",0,5 stars
–±–ª—é–≤–æ—Ç–µ—Ä—Å)))))))))))) –∞–∞–∞ –ø—Ä—è–º —É–ª–∏—Ü–∞ –±–ª—é–≤–æ—Ç—ã?))),0,3 stars
–°–µ—Ä–≥–µ–π —Ç–æ–ø,0,5 stars
"–û–¥–∏–Ω –ø—Ä–æ–ø–∞–≥–∞–Ω–¥–∏—Ä—É–µ—Ç –∞–ª–∫–æ–≥–æ–ª–∏–∑–º, –≤—Ç–æ—Ä–æ–π –Ω–∞—Ä–∫–æ–º–∞–Ω–∏—é. –ß–µ–º —Ç—É—Ç –≥–æ—Ä–¥–∏—Ç—å—Å—è —Ç–æ?",0,1 star
–î–∂–∞—Ä–∞—Ö–æ–≤ —É–ø—ã—Ä—å,0,1 star
–ü–∏—Ç–æ–Ω) –í–∞—Å—è –∫—Ä–∞—Å–∞–≤—á–∏–∫,0,5 stars
"<a href=""https://www.youtube.com/watch?v=sdXhiBEA1Hc&amp;t=1120"">18:40</a> –ú–ê–ú–ê‚ù§‚ù§‚ù§‚ù§",0,1 star
–¢–æ–ø–æ–≤—ã–π –∞–∫—Ç—ë—Ä! –ó–¥–æ—Ä–æ–≤—å—è —Ç–µ–±–µ –∏ —Ä–æ–¥–Ω—ã–º. –ë–∞—Å—Ç–µ —Å–ø–∞—Å–∏–±–æ –∑–∞ –∏–Ω—Ç–µ—Ä–≤—å—é üòé,2,5 stars
–ë—É—Ä—É–Ω–¥—É–∫,0,3 stars
–≤–æ–ø—Ä–æ—Å —Ä–µ–±—Ä–æ–º –±—É—à–∏–¥–æ –∂–æ,0,1 star
–ë–µ–¥–Ω—ã–π –¥–∂–∞—Ä–∞—Ö–æ–≤(,0,1 star
–ß–ï–õ–û–í–ï–ö –° –î–£–®–û–ô,1,5 stars
–ö—Ç–æ —ç—Ç–æ?,0,1 star
–î–∂–∞—Ä–∞—Ö–æ–≤ –∏—Å–ø–æ—Ä—Ç–∏–ª –≤–µ—Å—å –≤—ã–ø—É—Å–∫,2,1 star
–ö–æ–≥–¥–∞ –≤–æ–ø—Ä–æ—Å—ã —Ä–µ–¥–∞–∫—Ç–æ—Ä—ã –Ω–æ—Ä–º–∞–ª—å–Ω—ã–µ –±—É–¥—É—Ç –∑–∞–¥–∞–≤–∞—Ç—å ( –∫–∞–ø–µ—Ü üòÇ,0,2 stars
‚ù§‚ù§‚ù§ –±—É—Ä—É–Ω–æ–≤,0,3 stars
–ñ–¥—ë–º –°–µ—Ä–≥–µ–π –ë—É—Ä—É–Ω–æ–≤ 3,0,5 stars
–ü–æ—Ç–æ–º –∂–¥—É –ó—É–±—Ä–µ–≤2 üòõüòÇ,0,1 star
"–ï—Å–ª–∏ –ë—É—Ä—É–Ω–æ–≤ –∏ –ó—É–±–∞—Ä–µ–≤ –≤—Å—Ç—Ä–µ—Ç—è—Ç—Å—è –Ω–∞ –ø–æ–¥–∫–∞—Å—Ç–µ —É –≠–ª—å–¥–∞—Ä–∞, —Ç–æ –≤—Å–µ–ª–µ–Ω–Ω–∞—è —Å—Ö–ª–æ–ø–Ω–µ—Ç—Å—è",0,3 stars
–í–æ–ø—Ä–æ—Å—ã –ø–æ–ª–Ω–∞—è —Ö—É–π–Ω—è,0,4 stars
"–£–∂–µ –Ω–µ–∫–æ–≥–æ –∑–≤–∞—Ç—å, –ø–æ –≤—Ç–æ—Ä–æ–º—É –∫—Ä—É–≥—É –ø–æ—à–ª–∏ üòÇ",0,1 star
–ù–µ –∑–∞—à–ª–æ,1,1 star
"–ß–µ –∑—Ä–∏—Ç–µ–ª–∏ —Å–∏–¥–µ–ª–∏ —É–Ω—ã–≤–∞–ª–∏, –ø–æ–∑–≤–∞–ª–∏ –±—ã —Ñ–∞–Ω–∞—Ç–æ–≤ —Å–µ—Ä–≥–µ–π, —Ç–µ—Ö –∫–æ–º—É –¥–µ–π—Å—Ç–≤–∏—Ç–µ–ª—å–Ω–æ –∏–Ω—Ç–µ—Ä–µ—Å–Ω–æ –µ–≥–æ —Å–ª—É—à–∞—Ç—å",0,4 stars
–±–æ—Ä—É–Ω–æ–≤—É –Ω–µ –Ω–∞–¥–æ –¥–µ–ª–∞—Ç—å –ø–µ—Ä–µ—Å–∞–¥–∫—É –Ω–µ –≤ –∫–æ–µ–º —Å–ª—É—á–∞–µ –æ–Ω –ø–æ—Ç–µ—Ä—è–µ—Ç —Å–≤–æ–π —à–∞—Ä–º,0,1 star
"–ü–æ–∑–æ–≤–∏—Ç–µ –ë–∞—Å–∫–æ–≤–∞,–≤—ã–ø—É—Å–∫ –±—É–¥–µ—Ç üî•",0,5 stars
"–£ –£—Ä–≥–∞–Ω—Ç–∞ –≤ —à–æ—É –Ω–∞—Å–ª–∞–∂–¥–∞–ª–∏—Å—å –∏–º, —Ç–µ–ø–µ—Ä—å –∫–∞–∫–æ–µ-—Ç–æ",0,5 stars
–í—ã–ø—É—Å–∫–∞ –æ–≥–æ–Ω—åüéâüéâüéâ,0,5 stars
"–ë—É—Ä—É–Ω–æ–≤, –∑–∞—á–µ–º –≤—ã —Ç–∞–∫ –º–∞—Ç–æ–º —Ä—É–≥–∞–µ—Ç–µ—Å—å? –û—Å–æ–±–µ–Ω–Ω–æ –∫–æ–≥–¥–∞ –¥–ª—è —Å–≤—è–∑–∫–∏ —Å–ª–æ–≤.",0,2 stars
"–°–Ω–∞—á–∞–ª–∞ –ª–∞–π–∫, –ø–æ—Ç–æ–º –ø—Ä–æ—Å–º–æ—Ç—Ä.",0,4 stars
–ë–∞—Å—Ç–∞ –º–µ—Ä–∑–∫–∏–π –º–∞–∫—Å–∏–º–∞–ª—å–Ω–æ,0,1 star
–î–µ—Ä–µ–≤–Ω—è –∏–∑ –±–∞—Å—Ç—ã —Ç–∞–∫ –∏ –Ω–µ –≤—ã–µ—Ö–∞–ª–∞..—Å—Ä–µ–¥—Å—Ç–≤–êüòÖüòÖüòÖüòÖüòÖ,0,1 star
"–†–µ–±—è—Ç–∞, –≤—ã –ª–æ—Ö–∞–Ω—É–ª–∏—Å—å!<br>–ù–∞–¥–æ –±—ã–ª–æ —Ä–µ–∫–ª–∞–º—É –∫–ª–∏–Ω–∏–∫–∏ –ø–µ—Ä–µ—Å–∞–¥–∫–∏ –≤–æ–ª–æ—Å –¥–µ–ª–∞—Ç—å!!)))",0,5 stars
–í–æ–ø—Ä–æ—Å—ã –Ω–µ–∏–Ω—Ç–µ—Ä–µ—Å–Ω—ã–µ,0,1 star
–ù–µ —Ö–≤–∞—Ç–∞–µ—Ç –≤–æ–ø—Ä–æ—Å–∞ –æ—Ç &quot; –¥–µ–≤–æ—á–∫–∏ –¥–µ–º–æ–Ω–∞&quot;,0,1 star
"–Ø –ø–æ–Ω—è–ª, –æ—Ç–∫—É–¥–∞ –±–µ—Ä—É—Ç—Å—è  –¥–µ–±–∏–ª—å–Ω—ã–µ  –Ω–∞–∑–≤–∞–Ω–∏—è —Å—Ç–∞—Ç–µ–π  –Ω–µ–¥–æ–∂—É—Ä–Ω–∞–ª–∏—Å—Ç–æ–≤.",0,1 star
–ë—É—Ä—É–Ω–æ–≤ –∫–æ–Ω–µ—á–Ω–æ —Ç–æ–ø!!!,0,5 stars
–ø–æ–∏—Å–∫:¬†<br>–º–∞—Å—Å–∞–∂ –º–∏–ª—å–≥–∞–º–∞,0,3 stars
–í–æ–ª–æ–¥—è –Ø–∫–æ–≤–ª–µ–≤ —Ö–æ—Ä–æ—à—åüéâ‚ù§,0,5 stars
"–ê–ª—å—Ñ–∞ –±–∞–Ω–∫ –∑–∞—à–∫–≤–∞—Ä –≤ –ö—Ä—ã–º—É –∏—Ö –Ω–µ—Ç. –£–∂–µ –µ—Å—Ç—å –°–±–µ—Ä, —Ç–∏–Ω—å–∫–æ—Ñ, –ü–°–±, –≤—Ç–± –∑–∞—Ö–æ–¥–∏—Ç –≤ —Ä–æ–¥–Ω—É—é –≥–∞–≤–∞–Ω—å, –∞ —ç—Ç–∏—Ö ,,,,,, –Ω–µ—ÇüòÇüòÇüòÇüòÇ",0,1 star
–ü–æ –º–æ–µ–º—É —ç—Ç–æ –ø–µ—Ä–≤—ã–π –≤—ã–ø—É—Å–∫ –≥–¥–µ –ë–∞—Å—Ç–∞ –≤–µ–¥–µ—Ç —Å–µ–±—è –≤–æ–æ–±—â–µ –∫—Ä—É—Ç–æ üòéüëçüí™üî•‚úå,1,1 star
–≠–∫—Å–ø—Ä–µ—Å—Å —Ç–µ—Å—Ç üòÇ,0,5 stars
"–í–æ-–ø–µ—Ä–≤—ã—Ö, –æ–Ω —Å—Ç–∞–ª –ø–æ—Ö–æ–∂ –Ω–∞ –ü—Ä–∏–≥–æ–∂–∏–Ω–∞, –≤–æ-–≤—Ç–æ—Ä—ã—Ö, –Ω–∞—Ö—Ä–µ–Ω–∞ –æ–Ω —Å–¥–µ–ª–∞–ª —É–Ω–∏—Ç–∞–∑–Ω—ã–µ –∑—É–±—ã<br>–ù—É –∞ —Ç–∞–∫, –¥–∞, –≥–µ–Ω–∏–π",0,2 stars
"–¶–µ–ª—ã–π —á–∞—Å —ç–Ω—Ç—É–∑–∏–∞–∑–Ω–æ–≥–æ –Ω–∞—Å—Ç—Ä–æ–µ–Ω–∏—è, –Ω–µ–ø—Ä–µ–º–µ–Ω–Ω–æ –ø—Ä–æ–¥–ª—ë–Ω –Ω–∞ –≤–µ—Å—å –¥–µ–Ω—åüíØ‚ù§Ô∏è‚Äçü©π",0,1 star
"–î–µ–±–∏–ª–∏–∑–º –ø—Ä–æ—Ü–≤–µ—Ç–∞–µ—Ç..–≤—Å–µ –∂—Ä—É—Ç, –ø–æ—Å—Ç–∞–Ω–æ–≤–ª–µ–Ω–∏–µ –≤–æ–ø—Ä–æ—Å—ã..–∫–æ—à–º–∞—Ä",0,1 star
"–•–æ—á—É –Ω–∞–ø–∏—Å–∞—Ç—å —á–µ—Å—Ç–Ω—ã–π –∏ –æ—Ç–∫—Ä–æ–≤–µ–Ω–Ω—ã–π –∫–æ–º–µ–Ω—Ç–∞—Ä–∏–π,–Ω–∏—á–µ–≥–æ –Ω–µ –∏–º–µ—é –ø—Ä–æ—Ç–∏–≤ –ê–ª–µ–∫—Å–∞–Ω–¥—Ä–∞ –°–µ—Ä–≥–µ–µ–≤–∏—á–∞...–†–µ–∞–ª—å–Ω–æ –ø–æ–∑–≤–∞—Ç—å –Ω–µ–∫–æ–≥–æ –±–æ–ª—å—à–µ, —Å—Ç–æ–ª—å–∫–æ —Ä–∞–∑–Ω—ã—Ö –∏–Ω—Ç–µ—Ä–µ—Å–Ω—ã—Ö –ª—é–¥–µ–π,–≤ –∫–æ–Ω—Ü–µ –∫–æ–Ω—Ü–æ–≤ –ò–¥—É—â–∏–π –∫ –†–µ–∫–µ –°–µ—Ä–∂ –î—É—Ä-–î–∞—á–Ω–∏–∫,—Ç–æ—Ç –∂–µ —Å–∞–º—ã–π –Ω–µ—Ä–∞—Å–∫—Ä—ã—Ç—ã–π –ø–µ—Ä—Å–æ–Ω–∞–∂, –∫–∞–∫ –Ω–µ –ø—Ä–æ–∂–∂—ë–Ω–Ω—ã–π –∏ –Ω–µ–∏–∑–±–∞–ª–æ–≤–∞–Ω–Ω—ã–π –º–æ–≥ –±—ã —Å–æ—Å—Ç–∞–≤–∏—Ç—å –Ω–µ –ø–ª–æ—Ö—É—é –∫–æ–Ω–∫—É—Ä–µ–Ω—Ü–∏—é <a href=""UCkszU2WH9gy1mb0dV-11UJg/m8MfY4jbFsWJhL0PyouA2Ak""></a>",2,4 stars
–ë–ª—è –ø—Ä–æ —Ä—ã–∂–µ–≥–æ –¥–æ—Ç—Å–∏—Ö –ø–æ—Ä —É–ª—ã–±–∞–∫–∞üòÖ,0,5 stars
–°–∫—É—á–Ω–æ,1,4 stars
–ë—É—Ä—É–Ω–æ–≤ –ª—É—á—à–∏–π‚ù§,1,4 stars
"–ë–∞—Å—Ç–∞, –Ω—É —Å–º–æ–Ω—Ç–∏—Ä—É–π —Ç–∞–∫ —á—Ç–æ–±—ã –∏ –ª—é–¥—è–º –±—ã–ª–æ –≤–∏–¥–Ω–æ —á—Ç–æ —Ç—ã –ø–æ–∫–∞–∑—ã–≤–∞–µ—à—å –Ω–∞ —Ç–µ–ª–µ—Ñ–æ–Ω–µ. –ò–ª–∏ –º–æ–Ω—Ç–∞–∂–µ—Ä —É —Ç–µ–±—è –Ω–∞—Å—Ç–æ–ª—å–∫–æ –ª–µ–Ω–∏–≤—ã–π?",0,1 star
"–ë—É—Ä—É–Ω–æ–≤ —ç—Ç–æ –ª–µ–≥–µ–Ω–¥–∞, —Ç–∞–ª–∞–Ω—Ç, —Ö–∞—Ä–∏–∑–º–∞, –∞–∫—Ç√´—Ä–∏—â–µ",1,5 stars
"–°–µ—Ä–≥–µ–π, –Ω–µ–¥–∞–≤–Ω–æ –≤—ã —Å—Ç–∞–ª–∏ –æ—Ç—Ü–æ–º, –∑–∞–±–∏—Ä–∞–π –º–µ–Ω—è –º–æ–π –°–ö–£–§<br>–î–µ–≤—É—à–∫–∞ –Ω–∞–≤–µ–ª–∞ –∂–∞—Ä—ÉüòÖ",2,5 stars
–í–æ–ø—Ä–æ—Å —Ä–µ–±—Ä–æ–º –∑–∞—Ö–æ–¥–∏—Ç –≤ –∫–∞–∫–æ–π —Ç–æ —Ç—É–ø–∏–∫. –ù–µ —É–∂–µ–ª–∏ –Ω–µ –∫–æ–≥–æ –µ—â–µ –Ω–æ—Ä–º–∞–ª—å–Ω–æ–≥–æ –ø—Ä–∏–≥–ª–∞—Å–∏—Ç—å –ø–æ–æ—Ä–∞—Ç—å? –ö—Ä–∏—Å—Ç–∏–Ω—É –ê—Å–º—É—Å –Ω–∞–ø—Ä–∏–º–µ—Ä –¥–∞–≤–Ω–æ —É–∂–µ –∂–¥—É!!!,0,1 star
–¥—É–Ω—É–ª –ø–ª—é—à–µ–∫ –∏ –≤–æ–ø—Ä–æ—Å —Ä–µ–±—Ä–æ–º üòÇ,0,1 star
"–ù–µ, –ø–æ—Ö—É–¥–µ–≤—à–∏–π —Å–æ–≤—Å–µ–º –Ω–µ—Ç–æ",0,1 star
–ù—É –≤–æ—Ç –∏ –Ω–∞—Ñ–∏–≥–∞ –æ–Ω –≤—Å—Ç–∞–≤–∏–ª —ç—Ç–∏ —É–Ω–∏—Ç–∞–∑—ã –≤ —Ä–æ—Ç?üê©,0,1 star
–ø–æ—Ö–æ–¥—É –±–∞—Å—Ç–∞ –Ω–∞—á–∞–ª –±–∏—Ç—å —Å–ª–∞–≤–∫—É –≥—É–∑–µ–µ–≤–∞ –ø–æ—Ç–æ–º—É —á—Ç–æ –æ–Ω –Ω–∞ —Ä–µ–∫–ª–∞–º–Ω—ã—Ö —Ä–æ–ª–∏–∫–∞—Ö –Ω–∞—á–∞–ª –ø–æ–¥–µ—Ä–≥–∏–≤–∞—Ç—å—Å—è –∏ –º–æ—Ä–≥–∞—Ç—å —á–∞—Å—Ç–æ)),0,5 stars
–ë—É—Ä—É–Ω–æ–≤ –ø—É—Å—Ç—å –∫ –¥–∂–∞—Ä–∞—Ö–æ–≤—É –ø—Ä–∏–¥—ë—Ç,0,2 stars
"–Ø, —Ö–∞–Ω—Ç, —á—Ç–æ –ø–æ–¥—É–º–∞–ª.<br>–ê–Ω—Ç–∏–µ–≤—Ä–µ–π—Å–∫–∏—Ö –Ω–∞—Å—Ç—Ä–æ–µ–Ω–∏—è, –∫ —Å–æ–∂–∞–ª–µ–Ω–∏—é, –Ω–∞—Ä–∞—Å—Ç–∞—é—Ç –∏ –≤–æ –≤—Å–µ—Ö —á–µ–ª–æ–≤–µ—á–µ—Å–∫–∏—Ö —Å–æ—Ü–∏—É–º–∞—Ö. <br>–í–æ–∑–º–æ–∂–Ω–æ, —Å–∫–æ—Ä–æ, –µ–≤—Ä–µ–∏, –≤–æ–æ–±—â–µ –∏ —ç—Ç–∏ —Ç–∏–ø—ã: –ó–µ–ª–µ–Ω—Å–∫–∏–π, –ü—É—Ç–∏–Ω, –ú–∞–∫—Ä–æ–Ω, –ü–æ—Ä–æ—à–µ–Ω–∫–æ, –ú–∏—à—É—Å—Ç–∏–Ω, –ú–µ–¥–∏–Ω—Å–∫–∏–π, –ß—É–±–∞–π—Å‚Ä¶ –∏—Å—á–µ–∑–Ω—É—Ç, –∫–∞–∫ —Å–æ–∑–Ω–∞–Ω–∏–µ, —Ç–æ –µ—Å—Ç—å –∫–∞–Ω—É—Ç –≤ —Å–æ—Ü–∏–∞–ª—å–Ω–æ–µ –Ω–µ–±—ã—Ç–∏–µ (–ø—Ä–µ–∫—Ä–∞—Å–Ω–æ–µ –¥–∞–ª—ë–∫–æ).<br>–†—É—Å—Å–∫–∏–µ –ª—é–¥–∏, –µ–≤—Ä–æ–ø–µ–π—Ü—ã –∏ –¥—Ä—É–≥–∏–µ —ç—Ç–Ω–æ—Å—ã —Ä–æ–¥–∞ –ª—é–¥—Å–∫–æ–≥–æ, —Ö—É–¥–æ-–±–µ–¥–Ω–æ, –∫–∞–∫-—Ç–æ –ø—Ä–æ–∂–∏–≤—É—Ç, –±–µ–∑ ¬´–∂–∏–≤–æ—Ç–≤–æ—Ä—è—â–µ–π¬ª –µ–≤—Ä–µ–π—Å–∫–æ–π —Å–æ—Ü–∏–∞–ª—å–Ω–æ–π –º—ã—Å–ª–∏: –Ω–∞—Ü–∏–∑–º, —Ñ–∞—à–∏–∑–º, –º–∞—Ä–∫—Å–∏–∑–º... <br>–ù–æ –º—ã-—Ç–æ —á—É–∫—á–∏ –∫–∞–∫, —É—á–∏—Ç—ã–≤–∞—è, –≤ –∫–∞–∫–∏—Ö –ø—Ä–∏—Ä–æ–¥–Ω–æ-–∫–ª–∏–º–∞—Ç–∏—á–µ—Å–∫–∏—Ö —É—Å–ª–æ–≤–∏—è—Ö –º—ã –∂–∏–≤—ë–º.<br>–ï–≤—Ä–µ–∏ —É—Ç–≤–µ—Ä–∂–¥–∞—é—Ç, –Ω–∞–¥–µ—é—Å—å, –∏ –æ—Ç —ç—Ç–æ–≥–æ –Ω–µ –±—É–¥—É—Ç –æ—Ç–∫—Ä–µ—â–∏–≤–∞—Ç—å—Å—è, —á—Ç–æ –æ–Ω–∏ —Å–æ—Ä–æ–∫ –ª–µ—Ç –±—Ä–æ–¥–∏–ª–∏ –ø–æ –ø—É—Å—Ç—ã–Ω–µ, –º–æ–∂–µ—Ç –∏–º –¥–∞—Ç—å, –∏—Å—Ç–æ—Ä–∏—á–µ—Å–∫–∏–π —à–∞–Ω—Å, –ø–æ–±—Ä–æ–¥–∏—Ç—å –ø–æ —Ç—É–Ω–¥—Ä–µ, —Ö–æ—Ç—è –±—ã —Å–æ—Ä–æ–∫ –¥–Ω–µ–π, –∏ –µ–≤—Ä–µ–∏ –ø—Ä–∏–≤–Ω–µ—Å—É—Ç –Ω–æ–≤–æ–µ –ø–æ–Ω–∏–º–∞–Ω–∏–µ —Å–æ—Ü–∏–æ–ª–æ–≥–∏–∏, –≤ —ç—Ç–∏—Ö –ø—Ä–∏—Ä–æ–¥–Ω–æ-–∫–ª–∏–º–∞—Ç–∏—á–µ—Å–∫–∏—Ö –∑–æ–Ω–∞—Ö, –∏, –¥–∞–∂–µ, –Ω–µ –ø—Ä–∏–º–∏—Ç–∏–≤–Ω–æ–µ –≤—ã–∂–∏–≤–∞–Ω–∏–µ. <br>–ê –º–æ–∂–µ—Ç, –≤ —Ç—É–Ω–¥—Ä–µ –∏ —è–±–ª–æ–Ω–∏ –∑–∞—Ü–≤–µ—Ç—É—Ç, –æ–Ω–∏ –∂–µ, –∫–∞–∫ —É—Ç–≤–µ—Ä–∂–¥–∞—é—Ç —Å–∞–º–∏, —Å–æ—Ü–∏–∞–ª—å–Ω—ã–µ –±–ª–∞–≥–æ–¥–µ—Ç–µ–ª–∏, –∞ –Ω–µ –≥–µ–Ω–µ—Ç–∏—á–µ—Å–∫–∏–µ –º–æ–∫—Ä—É—à–Ω–∏–∫–∏.",0,1 star
"–Ω–µ–∫–æ–≥–æ –∑–≤–∞—Ç—å, —É–∂–µ –ø–æ –≤—Ç–æ—Ä–æ–º—É –∫—Ä—É–≥—É –ø—É—Å–∫–∞—é—Ç –ë—É—Ä—É–Ω–æ–≤–∞",1,1 star
–ë—É—Ä—É–Ω–æ–≤ –ª—É—á—à–∏–π),1,5 stars
–°–ª–∞–≤–∫–∞ –ï–°–õ–ò –¢–´ –í –†–ê–ë–°–¢–í–ï –î–ê–ô –ó–ù–ê–öüòÇ,0,5 stars
–î—É–º–∞—é –±—É–¥–µ—Ç —Ö–æ—Ä–æ—à–µ–π –∏–¥–µ–µ–π –ø–æ–∑–≤–∞—Ç—å CMH.,2,3 stars
–í –û—Ä–µ—Ö–æ–≤–æ-–ë–æ—Ä–∏—Å–æ–≤–æ –Æ–∂–Ω–æ–µ –¥–æ .—Å–∏—Ö –ø–æ—Ä –º–æ–∂–Ω–æ –ø–∏–∑–¥*–ª–µ–π –ø–æ–ª—É—á–∏—Ç—å –ª–æ–ª<br>–ù—É –∞ —Ç–∞–∫ —Ä–∞–π–æ–Ω—á–∏–∫ —à–∏–∫–∞—Ä–Ω—ã–π ‚ù§ –î–æ —Å–∏—Ö –ø–æ—Ä –∑–¥–µ—Å—å –∂–∏–≤—É,0,4 stars
"–≠—Ç–æ –Ω–µ –º–∞—Ç—å,—ç—Ç–æ –∏–∑–≤–µ—Ä–≥.—Ä–µ–±—ë–Ω–∫–∞ —Ç–∞–∫ –∏–∑–±–µ–≤–∞—Ç—å.",0,1 star
–°–µ—Ä–≥–µ–π –°–∞–Ω—ã—á –ª—É—á—à–∏–π‚ù§<br>–ò –∫–æ–Ω–µ—á–Ω–æ –∂–µ –í–∞—Å–∏–ª–∏–π –ú–∞—Ö–∞–ª—ã—á‚ù§,0,5 stars
–î–∞–π—Ç–µ —Ç–æ–∂–µ –∫–æ–Ω—Ç–∞–∫—Ç—ã –¥–ª—è –ª—ã—Å—ã—Ö! :),1,5 stars
–ó–∞ 30 –º–∏–Ω 50–∫ –ø—Ä–æ—Å–º–æ—Ç—Ä–æ–≤ üòÆ,0,1 star
–ü–æ—Ö—É–¥–µ–ª –º–æ–ª–æ–¥–µ—Ü,0,2 stars
–í—Å–µ –ñ–î–ï–ú –¢–†–≠–ö –ó–ê –°–ö–£–§–ê –ñ–î–ï–ú –ñ–î–ï–ú –ñ–î–ï–ú –ë–†–ê–¢ üòÇüòÇüòÇüòÇ,3,5 stars
–ë–∞—Å—Ç–∞ —É–±–µ—Ä–∏ —ç—Ç—É –±–æ—Ä–æ–¥–∞—Ç—É—é –º–∞–ª–æ–ª–µ—Ç–∫—É<br>–ù–µ –ø–æ–∑–æ—Ä —Å–µ–±—è,0,1 star
–°–µ—Ä–≥–µ–π –ë—É—Ä—É–Ω–æ–≤!!!!üéâüéâüéâ‚ù§‚ù§‚ù§–ª—É—á—à–µ–π –∏–∑ –≥–æ—Å—Ç–µ–π!–∑–∞ –≤—Å–µ —Å—ä–µ–º–∫–∏!!!!–∏ –ª—É—á—à–µ –Ω–µ –±—É–¥–∏—Ç!!!,0,5 stars
–ö–∞–∫ –∂–µ —Ä–∞–∑–¥—Ä–∞–∂–∞–µ—Ç –ë–∞—Å—Ç–∞üò°–ö–∞–∫ –¥—É—Ä–∞—á–æ–∫ –º–∞–ª–µ–Ω—å–∫–∏–π,0,5 stars
"—á–µ —Å –≤–æ–ø—Ä–æ—Å–∞–º–∏? —É–ø–æ—Ä –Ω–∞ —Å–µ–∫—Å—É–∞–ª—å–Ω—É—é –∞–∫—Ç–∏–≤–Ω–æ—Å—Ç—å –ë—É—Ä—É–Ω–æ–≤–∞ , –≤—ã —Å–µ—Ä—å–µ–∑–Ω–æ?",0,2 stars
–ë—É—Ä—É–Ω–æ–≤–∞ –º–æ–∂–Ω–æ —Å–º–æ—Ç—Ä–µ—Ç—å –≤–µ—á–Ω–æ,0,5 stars
"–õ–∞–π–∫ —Å—Ö–æ–¥—É, –ø–æ—Å–º–æ—Ç—Ä–µ–ª –ø–æ–ª –ø—Ä–æ–≥—Ä–∞–º–º—ã –∏ –Ω–µ —Ö–æ—á—É —á—Ç–æ –±—ã –æ–Ω–∞ –∑–∞–∫–∞–Ω—á–∏–≤–∞–ª–∞—Å—å)",3,5 stars
"–ù–µ—Ç –∞–≤—Ç–∞—Ä–∏–∫–∞ –≤ –∂–∏–∑–Ω–∏ —Ö–ª–µ—â–µ –º–∞–º—É–ª–∏–∫–æ.–ú–æ—è –º–µ–Ω—è –Ω–∏–∫–æ–≥–¥–∞ –¥–∞–∂–µ –Ω–µ –ª—É–ø–∏–ª–∞,–Ω–æ —É–≤–∞–∂–µ–Ω–∏–µ –∫ –Ω–µ–π –Ω–µ–ª—å–∑—è –æ–±—å—è—Ç—å.",0,2 stars
–ë—É—Ä—É–Ω–æ–≤ –ª–µ–≥–µ–Ω–¥–∞,1,5 stars
–ü–æ–∑–æ–≤–∏ –Ω–µ–º–∞–≥–∏—é,1,1 star
–î–∏–∑–ª–∞–π–∫,0,5 stars
–ë–∞—Å—Ç–∞ —Å—Ç—Ä–∞–Ω–Ω—ã–π –ø–æ–ø—Å–∞,0,1 star
–£–†–ê–ê–ê,0,3 stars
"–í –æ—Ç–≤–µ—Ç–∫—É –º–∞–º–∫–µ –±—ã –¥–∞–ª –∏ –Ω–µ –ø–∏–∑–¥–∏–ª–∞ –±—ã –±–æ–ª—å—à–µ, —è —Ç–∞–∫ —Å–¥–µ–ª–∞–ª –≤ –¥–µ—Ç—Å—Ç–≤–µ –∏ –¥–µ–ª–∞–ª —á—ë —Ö–æ—Ç–µ–ª. –£–¥–∞—Ä–∏–ª —Ä–∞–∑–æ–∫ –≤ –æ—Ç–≤–µ—Ç–∫—É, –¥–∞ –Ω–µ –ø—Ä–∏—è—Ç–Ω–æ, –Ω–æ –∫–∞–∫ –∏–Ω–∞—á–µ —Ç–æ, –Ω–µ —Ç–µ—Ä–ø–µ—Ç—å –∂–µ",0,4 stars
"<a href=""https://www.youtube.com/watch?v=sdXhiBEA1Hc&amp;t=259"">4:19</a> –∂–¥—ë–ºüí™ü§ü‚ù§",0,4 stars
–û–≥–æ –∞ —á–µ 2 —Ç–∞–∫ –ø–µ—Ä–≤—ã–π —Ä–µ–∞–ª—å–Ω–æ –ò–Ω–æ–ø–ª–∞–Ω–µ—Ç—è–Ω–∏–Ω –ë—ã–ª ????,0,1 star
–ï—Å–ª–∏ –∑–∞–∫—Ä—ã—Ç—å –≥–ª–∞–∑–∞  –º–æ–∂–Ω–æ –ø–æ–¥—É–º–∞—Ç—å —á—Ç–æ –≥–æ–≤–æ—Ä–∏—Ç –î–∏ –ö–∞–ø—Ä–∏–æ <br><br>–ë—É—Ä—É–Ω–æ–≤ —Ç–æ–ø ‚ù§,2,5 stars
–° –±–ª–æ–∫–∫–∞–ª–∏ –ø—Ä–æ—Å—Ç–æ —Ä–∞–∑—Ä—ã–≤üòÇ,1,1 star
"–ë–µ—Å–∫–æ–Ω–µ—á–Ω–æ –º–æ–∂–Ω–æ —Å–º–æ—Ç—Ä–µ—Ç—å –Ω–∞ –æ–≥–æ–Ω—å, –≤–æ–¥—É –∏ –Ω–∞ –≤—ã–ø—É—Å–∫–∏ —Å –ë—É—Ä—É–Ω–æ–≤—ã–º ‚ù§",19,5 stars
–ù–æ–≤–æ–µ —Å—Ç–∞—Ä–æ–µ —à–æ—É,0,5 stars
–ë—É—Ä—É–Ω–æ–≤ –∫—Ä–∞—Å–∞–≤—á–∏–∫ üí™<br>–¢–æ–ø –°–∫—É—Ñ üòÇ <br>–ú–Ω–µ –∫–∞–∂–µ—Ç—Å—è –≤–æ–æ–±—â–µ –ø–æ—Ö –∫–∞–∫ –æ–Ω –≤—ã–≥–ª—è–¥–∏—Ç ! –û–Ω —á–µ–ª–æ–≤–µ–∫ —Ç–∞–ª–∞–Ω—Ç–∏—â–µ!,0,5 stars
–ö–ª–∞—Å—Å,0,5 stars
–ì–æ—Å—Ç–∏ –∑–∞–∫–æ–Ω—á–∏–ª–∏—Å—å? –ü–æ –≤—Ç–æ—Ä–æ–º—É –∫—Ä—É–≥—É –ø–æ—à–ª–∏?,0,1 star
–°–∞–º—ã–π —Å–µ–∫—Å—É–∞–ª—å–Ω—ã–π —Å–∫—É—Ñ),1,5 stars
–ë–∞—Å—Ç–∞ —Å—Ä–∞–∑—É –∑–∞–µ...–ª!,0,1 star
–ü—É –ø—É –ø—É —Ç–∏ —Ç—É —Ç—É —Ç—ÉüòÖ,0,1 star
–∫–∞–∫ —ç—Ç–æ —è –≤–æ–≤—Ä–µ–º—è –∑–∞—à–ª–∞ –≤ —é—Ç—É–±üòé,0,5 stars
–ù–µ –ø–æ —É–≤–µ–¥–æ–º–ª–µ–Ω–∏—é –∞ –ø–æ –∑–æ–≤—É —Å–µ—Ä–¥—Ü–∞‚ù§,0,3 stars
"–ö–∞–∫ –∂–µ –ø—Ä–∏—è—Ç–Ω–æ —Å–º–æ—Ç—Ä–µ—Ç—å, –∫–æ–≥–¥–∞ –º—É–∂–∏–∫–∏ –∑–∞ 40,–æ—á–µ–Ω—å –ø—Ä–∏—è—Ç–Ω–æ —Ä–∞–∑–≥–æ–≤–∞—Ä–∏–≤–∞—é—Ç –ø—Ä–æ –º–∞–º—É)) –í–æ—Ç —á—Ç–æ –∑–Ω–∞—á–∏—Ç —Ö–æ—Ä–æ—à–µ–µ –≤–æ—Å–ø–∏—Ç–∞–Ω–∏–µ)) –£–≤–∞–∂—É—Ö–∞)",1,5 stars
–°–ø–∞—Å–∏–±–æ –≤–æ–ø—Ä–æ—Å—É —Ä–µ–±—Ä–æ–º –∑–∞ –≤–æ–∑–º–æ–∂–Ω–æ—Å—Ç—å –≤–æ –≤—Ç–æ—Ä–æ–π —Ä–∞–∑ —É–∑–Ω–∞—Ç—å –æ –∂–∏–∑–Ω–∏ –∏ —Ç–≤–æ—Ä—á–µ—Å—Ç–≤–µ –°–µ—Ä–≥–µ—è –ë—É—Ä—É–Ω–æ–≤–∞üéâ,0,5 stars
"–∂–¥–µ–º —Ç—Ä–µ–∫–∞ –∏ –µ—â—ë,–ú–∏—Ö–∞–ª—ã—á —Å–¥–µ–ª–∞–π –≤ —Å—Ç–∞—Ä–æ–º —Å—Ç–∏–ª–µ –Ω–æ–≥–∞–Ω–æ –ø–µ—Ä–≤—ã–π,–∞–ª—å–±–æ–º—á–∏–∫,—Å–ª—É—à–∞—Ç—å –Ω–µ—á–µ–≥–æ",0,5 stars
–°–µ—Ä—ë–∂–∫–∞ –≤–µ—á–Ω–æ –ø–æ—Ç–µ—Ä—è–Ω—ã–π)),0,1 star
"–Ø, —Ö–∞–Ω—Ç, —á—Ç–æ –ø–æ–¥—É–º–∞–ª.<br>–ê–Ω—Ç–∏–µ–≤—Ä–µ–π—Å–∫–∏—Ö –Ω–∞—Å—Ç—Ä–æ–µ–Ω–∏—è, –∫ —Å–æ–∂–∞–ª–µ–Ω–∏—é, –Ω–∞—Ä–∞—Å—Ç–∞—é—Ç –∏ –≤–æ –≤—Å–µ—Ö —á–µ–ª–æ–≤–µ—á–µ—Å–∫–∏—Ö —Å–æ—Ü–∏—É–º–∞—Ö. <br>–í–æ–∑–º–æ–∂–Ω–æ, —Å–∫–æ—Ä–æ, –µ–≤—Ä–µ–∏, –≤–æ–æ–±—â–µ –∏ —ç—Ç–∏ —Ç–∏–ø—ã: –ó–µ–ª–µ–Ω—Å–∫–∏–π, –ü—É—Ç–∏–Ω, –ú–∞–∫—Ä–æ–Ω, –ü–æ—Ä–æ—à–µ–Ω–∫–æ, –ú–∏—à—É—Å—Ç–∏–Ω, –ú–µ–¥–∏–Ω—Å–∫–∏–π, –ß—É–±–∞–π—Å‚Ä¶ –∏—Å—á–µ–∑–Ω—É—Ç, –∫–∞–∫ —Å–æ–∑–Ω–∞–Ω–∏–µ, —Ç–æ –µ—Å—Ç—å –∫–∞–Ω—É—Ç –≤ —Å–æ—Ü–∏–∞–ª—å–Ω–æ–µ –Ω–µ–±—ã—Ç–∏–µ (–ø—Ä–µ–∫—Ä–∞—Å–Ω–æ–µ –¥–∞–ª—ë–∫–æ).<br>–†—É—Å—Å–∫–∏–µ –ª—é–¥–∏, –µ–≤—Ä–æ–ø–µ–π—Ü—ã –∏ –¥—Ä—É–≥–∏–µ —ç—Ç–Ω–æ—Å—ã —Ä–æ–¥–∞ –ª—é–¥—Å–∫–æ–≥–æ, —Ö—É–¥–æ-–±–µ–¥–Ω–æ, –∫–∞–∫-—Ç–æ –ø—Ä–æ–∂–∏–≤—É—Ç, –±–µ–∑ ¬´–∂–∏–≤–æ—Ç–≤–æ—Ä—è—â–µ–π¬ª –µ–≤—Ä–µ–π—Å–∫–æ–π —Å–æ—Ü–∏–∞–ª—å–Ω–æ–π –º—ã—Å–ª–∏: –Ω–∞—Ü–∏–∑–º, —Ñ–∞—à–∏–∑–º, –º–∞—Ä–∫—Å–∏–∑–º... <br>–ù–æ –º—ã-—Ç–æ —á—É–∫—á–∏ –∫–∞–∫, —É—á–∏—Ç—ã–≤–∞—è, –≤ –∫–∞–∫–∏—Ö –ø—Ä–∏—Ä–æ–¥–Ω–æ-–∫–ª–∏–º–∞—Ç–∏—á–µ—Å–∫–∏—Ö —É—Å–ª–æ–≤–∏—è—Ö –º—ã –∂–∏–≤—ë–º.<br>–ï–≤—Ä–µ–∏ —É—Ç–≤–µ—Ä–∂–¥–∞—é—Ç, –Ω–∞–¥–µ—é—Å—å, –∏ –æ—Ç —ç—Ç–æ–≥–æ –Ω–µ –±—É–¥—É—Ç –æ—Ç–∫—Ä–µ—â–∏–≤–∞—Ç—å—Å—è, —á—Ç–æ –æ–Ω–∏ —Å–æ—Ä–æ–∫ –ª–µ—Ç –±—Ä–æ–¥–∏–ª–∏ –ø–æ –ø—É—Å—Ç—ã–Ω–µ, –º–æ–∂–µ—Ç –∏–º –¥–∞—Ç—å, –∏—Å—Ç–æ—Ä–∏—á–µ—Å–∫–∏–π —à–∞–Ω—Å, –ø–æ–±—Ä–æ–¥–∏—Ç—å –ø–æ —Ç—É–Ω–¥—Ä–µ, —Ö–æ—Ç—è –±—ã —Å–æ—Ä–æ–∫ –¥–Ω–µ–π, –∏ –µ–≤—Ä–µ–∏ –ø—Ä–∏–≤–Ω–µ—Å—É—Ç –Ω–æ–≤–æ–µ –ø–æ–Ω–∏–º–∞–Ω–∏–µ —Å–æ—Ü–∏–æ–ª–æ–≥–∏–∏, –≤ —ç—Ç–∏—Ö –ø—Ä–∏—Ä–æ–¥–Ω–æ-–∫–ª–∏–º–∞—Ç–∏—á–µ—Å–∫–∏—Ö –∑–æ–Ω–∞—Ö, –∏, –¥–∞–∂–µ, –Ω–µ –≤—ã–∂–∏–≤–∞–Ω–∏–µ, –∞ –≤ —Ç—É–Ω–¥—Ä–µ —è–±–ª–æ–Ω–∏ –∑–∞—Ü–≤–µ—Ç—É—Ç.",0,1 star
"–°–µ—Ä–µ–≥–∞ –≤–∞—â–µ —Ç–æ–ø, —á—Ç–æ –∞–∂ 2 —Ä–∞–∑ –≤—ã—à–µ–ª!!!",0,5 stars
–í–æ—Ä–æ—à–∏–ª–æ–≤—Å–∫–∏–π/–°–∞–¥–æ–≤–∞—è –∫–∞—Ñ–µ - –ê–∫–∞–¥–µ–º–∏—è?üòÇ,0,3 stars
–î—è–¥—å –°–µ—Ä–µ–∂–∞ –ª–µ–≥–µ–Ω–¥–∞!,0,5 stars
–ö—Ä—É—Ç–æ –±—Ä–æ ‚ù§,0,1 star
–°–∞–º–∞—è —É—Å–ø–µ—à–Ω–∞—è —Ñ—Ä–∞–Ω—à–∏–∑–∞üéâ,0,5 stars
–ü–æ—Ö–æ–¥—É –Ω–∞–¥–æ —Ç—Ä–µ—Ç–∏–π —Å–µ–∑–æ–Ω —Å–Ω–∏–º–∞—Ç—å –≥–¥–µ –ë–æ—Ä—É–Ω–æ–≤ –±—É–¥–µ—Ç —Å–≤–∞–ª–∞—Å–∞–º–∏...üòÇüòÇüòÇ,0,3 stars
–Ø —Ç–∞–∫ —É–≥–∞—Ä–∞—é –∫–æ–≥–¥–∞ –æ–Ω–∏ —Å–º–µ—é—Ç—Å—è –Ω–∞–¥ –ü–∞—à–µ–π üòÇüòÇüòÇüòÇüòÇ –ú–Ω–µ –∫–∞–∂–µ—Ç—Å—è –ë—É—Ä—É–Ω–æ–≤—É –Ω–µ –ø–æ–¥–æ–π–¥—É—Ç –≤–æ–ª–æ—Å—ã. –ö–∞–∫-—Ç–æ –ø—Ä–∏–≤—ã—á–Ω–µ–µ —Å–º–æ—Ç—Ä–µ—Ç—å –Ω–∞ –Ω–µ–≥–æ –≤ —Ç–∞–∫–æ–º –≤–∏–¥–µ üòçüëçüèª,0,2 stars
"–õ—É—á—à–µ –±—ã –ö—É—à–∞–Ω–∞—à–≤–∏–ª–∏,–∞ –Ω–µ —ç—Ç–æ—Ç –±—Ä–µ–¥...",0,3 stars
"–í–æ—Ç –æ—Ç–ª–∏—á–Ω–æ, –∫–∞–∫ —Ä–∞–∑ –∫–æ—Ñ–µ –ø–æ–ø–∏—Ç—å –∏ –ø–æ–µ—Å—Ç—å",0,5 stars
—Å–∞–º—ã–π –ø—Ä–∏—è—Ç–Ω—ã–π –≥–æ—Å—Ç—å,0,5 stars
"—è –ª—é–±–ª—é –∂–µ–Ω—â–∏–Ω, —è –±–ª–∞–≥–æ—Ä–æ–¥–Ω—ã–π —Å –∂–µ–Ω—â–∏–Ω–∞–º–∏üòÇ",0,5 stars
"–ù–∞ –ø–µ—Ä–≤—ã—Ö –º–∏–Ω—É—Ç —Ç–æ—à–Ω–æ —Å—Ç–∞–ª–æ –æ—Ç –±–∞—Å—Ç—ã. üòÆ‚Äçüí®<br>Ps. –ù–∞—É—á–∏—Ç–µ—Å—å —Å–ª—É—à–∞—Ç—å, –∞ –Ω–µ –ø–µ—Ä–µ–±–∏–≤–∞—Ç—å.",1,3 stars
"–°—É–ø–µ—Ä –≤—ã–ø—É—Å–∫, –í–∞—Å–∏–ª–∏–π —Å–ø–∞—Å–∏–±–æ –∑–∞ —Ç–∞–∫–∏—Ö –≥–æ—Å—Ç–µ–π , —Å–º–æ—Ç—Ä–∏—à—å –∏ —É–ª—ã–±–∫–∞ —Å–∞–º–∞ –Ω–∞–≤–æ—Ä–∞—á–∏–≤–∞–µ—Ç—Å—è –Ω–∞ –ª–∏—Ü–µ ‚ù§, –ª—É—á—à–∏–µ",1,5 stars
–Ø –≤–≥—å—å—å—å—å,0,5 stars
–ü–æ—Ö—É–¥–µ–ª –∫–∞–∫ —Ö–æ—Ä–æ—à–æ,1,3 stars
"–ë—É—Ä—É–Ω–æ–≤ —Ç–æ—Ç —á–µ–ª–æ–≤–µ–∫ –Ω–∞ –∫–æ—Ç–æ—Ä–æ–≥–æ –Ω–µ –ø–æ–¥–Ω–∏–º–∞–µ—Ç—Å—è –ø–∞–ª–µ—Ü, —á—Ç–æ–± –Ω–∞–ø–∏—Å–∞—Ç—å –ø–ª–æ—Ö–æ–π –∫–æ–º–º–µ–Ω—Ç–∞—Ä–∏–π.",0,1 star
"–ì –£ –ó –ï –ï –í –£ ! –ö—Ç–æ &quot;–ó–ê&quot; ,  —Å—Ç–∞–≤–∏–º –ª–∞–π–∫ )",1,5 stars
–ö–∞—Ç–µ–≥–æ—Ä–∏—è —Å–º—É—Ä—Ñ—ã –±–ª—è—Ç—å,0,1 star
–ú–æ–∂–Ω–æ –º–Ω–µ —Ç–æ–∂–µ –∫–æ–Ω—Ç–∞–∫—Ç—ã –≤–æ–ª–æ—Å,0,4 stars
–ë—É—Ä—É–Ω–æ–≤ –≤—Å–µ–≥–¥–∞ —Ö–æ—Ä–æ—àüî•,1,5 stars
–†–∏–æ —Å–∫—É—Ñ—ã,0,5 stars
"–í–æ—Ç —ç—Ç–æ –æ—Ç–ª–∏—á–Ω–∞—è –∏–¥–µ—è, —è –±—ã –∏ –±—É—Ä—É–Ω–æ–≤ 3  –ø–æ—Å–º–æ—Ç—Ä–µ–ª –∏ 4 –∏ 5 –∏ 20",5,5 stars
–ù–∞—à —Å–ª–æ–Ω—è—Ä–∞!!!ü´∂,1,5 stars
–ü–æ–∑–æ–≤–∏—Ç–µ –¥–∞ –ü–µ—Å–∫–æ–≤–∞,0,1 star
–∫–æ–º–º–µ–Ω—Ç—ã –Ω–µ –Ω–∞—Å—Ç–æ—è–ª–∏—Å—å,1,1 star
–ë—É—Ä—É–Ω–æ–≤ –∫—Ä–∞—Å–∞–≤—á–∏–∫ ‚ù§,1,5 stars
–ß–µ–±–æ–∫—Å–∞—Ä—ã‚ù§üéâüòäüòäüòä,0,5 stars
–ß–µ–±–æ–∫—Å–∞—Ä—ãü§óüòä‚ù§üéâüéâüéâüéâ,0,5 stars
–ß–µ–±–æ–∫—Å–∞—Ä—ãü§óüòä‚ù§‚ù§üéâüéâüéâüéâ,0,5 stars
–õ–µ–≥–µ–Ω–¥–∞,0,5 stars
–ë—É—Ä—É–Ω–æ–≤ —Å–∞–º—ã–π –ª—É—á—à–∏–π,1,5 stars
–ü–æ—Ö—É–¥–µ–ª —Ä–æ–¥–Ω–æ–π,0,2 stars
–≠—Ç–æ —á—Ç–æ –∑–∞ –ü–û–î–ê–†–û–ö? –°–ø–∞—Å–∏–±–æ ‚ù§,0,1 star
"–í–°–ï–ú –ó–î–ê–†–û–í–ê, –ö–¢–û –ß–ò–¢–ê–ï–¢ –ú–û–ô –ö–û–ú–ú–ï–ù–¢ –¢–ï–ë–ï –í–°–ï–ì–û –°–ê–ú–û–ì–û –ù–ê–ò–õ–£–ß–®–ï–ì–û, –°–ß–ê–°–¢–¨–Ø, –ó–î–û–†–û–í–¨–Ø –ò –°–ï–ú–ï–ô–ù–û–ì–û –ë–õ–ê–ì–û–ü–û–õ–£–ß–ò–Ø, –í–ê–°–ò–õ–ò–ô –í–ê–ú –ë–û–õ–¨–®–û–ô –†–ï–°–ü–ï–ö–¢!‚ù§",11,5 stars
–ö–∞–π—Ñ! –û—Ç–ª–∏—á–Ω—ã–π –∞–∫—Ç—ë—Ä –∏ —á–µ–ª–æ–≤–µ–∫.,1,5 stars
"–≥–∑—Ç –∏ –º–∏–Ω—É—Å –∫–∏–ª–æ–≥—Ä–∞–º–º—ã –ø–æ—Å–ª–µ 40, —Ö–æ—Ä–æ—à–∏–π –≤–∏–¥ –∏ —Ç.–¥",0,5 stars
"–ë—É—Ä—É–Ω–æ–≤ –Ω–∞—Å—Ç–æ–ª—å–∫–æ —Ö–æ—Ä–æ—à, —á—Ç–æ —Å –Ω–∏–º –≤—ã—à–µ–ª –≤—Ç–æ—Ä–æ–π –≤—ã–ø—É—Å–∫",32,5 stars
–∞–ª–æ –∞–ª–æ,0,3 stars
–ó–∞ –°–µ—Ä—ë–≥—É –ª–∞–π–∫,0,3 stars
–ñ–¥—É —Ç—Ä–µ—Ç—å—é —á–∞—Å—Ç—å —Å –°–µ—Ä–≥–µ–µ–º –ë—É—Ä—É–Ω–æ–≤—ã–º!,0,5 stars
–∫–æ–≥–¥–∞ —à–∞—Ö–º–∞—Ç—ã 2?,0,2 stars
"–í–∞—Å–µ–∫ , –≤–µ–¥—É—â–∏–π –∏–∑ —Ç–µ–±—è –Ω–∏–∫–∞–∫–æ–π –∫–æ–Ω–µ—á–Ω–æüòÇüòÇüòÇ –¥–∞–≤–∞—è –∑–∞–≤—è–∑—ã–≤–∞–π",0,1 star
–Ø –ø—É–∫–Ω—É–ª,0,1 star
–õ–ï–ì–ï–ù–î–ê–ê–ê–ê–ê–ê–ê,0,5 stars
–ù—É–∂–Ω–æ –õ–µ—à—É –ù–µ–º–∞–≥–∏—è,1,1 star
–ë–æ–ª—å—à–µ –Ω–∏–∫—Ç–æ –Ω–µ –∏–¥–µ—Ç üëé–æ–ø—è—Ç—å —ç—Ç–æ–≥–æ —à–∞—Ä–∏–∫–∞ –ø–æ–∑–≤–∞–ª–∏,0,1 star
"—É–±–∏–π—Ü–∞ —é–º–æ—Ä–∞ –ø—Ä–æ—Å—Ç–æ,–ª–µ–≥–µ–Ω–¥–∞",0,5 stars
–õ–µ,0,4 stars
–ú–µ–Ω—Ç –≤ –ø–æ—Ä—è–¥–∫–µ üòÇ‚ù§,0,5 stars
–ò–∑-–∑–∞ –ë–∞—Å—Ç—ã –Ω–µ —Å–º–æ—Ç—Ä–µ–ª,0,1 star
–ª–∞–π–∫–æ—Å),0,5 stars
–ë—É—Ä—É–Ω–æ–≤ ‚ù§‚ù§‚ù§,0,4 stars
–ñ–¥—É –≤–æ–ø—Ä–æ—Å –ø—Ä–æ –∏–Ω–æ–ø–ª–∞–Ω–µ—Ç–Ω—É—é —Ä–∞—Å—É,1,3 stars
–ª–µ–≥–µ–Ω–¥–∞—Ä–Ω—ã–π –≤—ã–ø—É—Å–∫,0,5 stars
"–ï—â–µ –Ω–µ –ø–æ—Å–º–æ—Ç—Ä–µ–ª, –Ω–æ —É–≤–µ—Ä–µ–Ω —á—Ç–æ –ë—É—Ä—É–Ω–æ–≤ —Ä–∞–∑–æ—Ä–≤–∞–ª, —Ç–æ–ø –∫–æ–º–∏–∫!!!",20,5 stars
–í—Å–µ–º —Å–∫—É—Ñ–∞–º - –ø–∏–≤–∞!üéâ,0,5 stars
–í–æ–ª–∫–æ–≤–∞ –Æ—Ä—É  –ø–æ–∑–æ–≤–∏—Ç–µ !!üòÖ,0,5 stars
–ë—Ä—É–Ω–æ–≤ –†–£–õ–ò–¢!!!,2,1 star
"–í–∞—Å—å, —Å–ø–∞—Å–∏–±–æ –∑–∞ –≤—ã–ø—É—Å–∫ üòÇ‚ù§Ô∏è‚úäüèΩ",0,5 stars
–ß–µ –±–æ–∫—Å–∞—Ä—ã,0,5 stars
–°–ª–∞–≤–∫–∞ –∂–µ—Ä—Ç–≤–∞ üòÇ,0,5 stars
–ë—É—Ä—É–Ω–æ–≤ –ª—É—á—à–∏–π!!!,1,5 stars
–ü—Ä–∏–≤–µ—Ç –∏–∑ –ß–µ –±–æ–∫—Å–∞—Ä,0,5 stars
–ì–µ–Ω–∏–π üéâ,0,5 stars
–ß–µ–±–æ–∫—Å–∞—Ä—ãü§óüòä‚ù§üéâüéâüéâ,0,5 stars
–ß–µ–±–æ–∫—Å–∞—Ä—ãüéâüòä‚ù§üéâüéâüéâüéâüòäüòäüòä,0,5 stars
–õ–µ–≥–µ–Ω–¥–∞,0,5 stars
–í–æ–ø—Ä–æ—Å —Ä–µ–±—Ä–æ–º —Ä–µ—à–∏–ª –ø–æ–±–∏—Ç—å –≤—Å–µ —Ä–µ–∫–æ—Ä–¥—ã –ø–æ –ø—Ä–æ—Å–º–æ—Ç—Ä–∞–º –∑–∞ –ø–æ—Å–ª–µ–¥–Ω–∏–µ 2 –≤—ã–ø—É—Å–∫–∞ ?,0,1 star
–Ø –ø–æ–Ω—è–ª –ë–∞—Å—Ç–∞ <br>–≠—Ç–æ –Ω–æ–≤—ã–π –í–µ—á–µ—Ä–Ω–∏–π –£—Ä–≥–∞–Ω—ÇüòÆ<br>–¢–∞–º —Ç–æ–∂–µ –≥–æ—Å—Ç–∏ –ø–æ –¥–µ—Å—è—Ç—å —Ä–∞–∑<br>–ü—Ä–∏—Ö–æ–¥–∏–ª–∏üòÖüòäüòä,1,5 stars
–ü—Ä–∏–≤–µ—Ç –∏–∑ –ß–µ –±–æ–∫—Å–∞—Äüòä‚ù§üéâ,0,5 stars
–£—Ä–∞–∞–∞üéâüéâüéâüéâ,0,5 stars
"–ù—É –Ω–∞–∫–æ–Ω–µ—Ü-—Ç–æ, —Ö–æ—Ä–æ—à–∏–π –≥–æ—Å—Ç—å –ø—Ä–∏—à–µ–ª , —Å–∫—Ä–∞—Å–∏—Ç –Ω–∞–º —á–∞—Å–æ–∫ ‚ù§",0,5 stars
"–Ω–µ –≤–µ—Ä—é, –∞—à–∞–ª–µ—Ç—å",0,1 star
–ß–µ–±–æ–∫—Å–∞—Ä—ãüòä‚ù§üéâüòä,0,5 stars
–ü—Ä–∏–≤–µ—Ç –∏–∑ –ß–µ–±–æ–∫—Å–∞—Äüòä‚ù§‚ù§üéâüéâüéâüéâüéâüéâ,0,5 stars
–ß–µ–±–æ–∫—Å–∞—Ä—ãü§óüòä‚ù§üéâüéâüéâüéâüéâ,0,5 stars
–ë—É—Ä–∞–Ω—ã—á –ª—É—á—à–∏–µüòÇüòÇ‚ù§<br>–í–∞—Å—å —Ç—ã —É–∂–µ –≤ –∏—Å—Ç–æ—Ä–∏–∏üéâ‚ù§‚ù§‚ù§,0,5 stars
–ß–µ –±–æ–∫—Å–∞—Ä—ã‚ù§üòäüéâüéâüéâ,0,3 stars
–õ—É—á—à–∏–π –†–æ—Å—Å–∏–π—Å–∫–∏–π –∞–∫—Ç–µ—Ä!!!,1,5 stars
–õ—É—á—à–µ–µ —à–æ—É,1,5 stars
–ü—Ä–∏–≤–µ—Ç –∏–∑ –ß–µ –±–æ–∫—Å–∞—Äüòä‚ù§üéâüéâüéâ,0,5 stars
–ù–∏—Ö—É—è –æ–Ω –ø–æ—Ö—É–¥–µ–ª ! <br>–û–≥—Ä–æ–º–Ω—ã–π —Ä–µ—Å–ø–µ–∫—Ç !,0,5 stars
–ë—É—Ä—É–Ω–æ–≤ –ª—É—á—à–∏–π!!!,0,5 stars
–ß–µ –±–æ–∫—Å–∞—Ä—ã,0,5 stars
"–õ—É—á—à–∏–π –≥–æ—Å—Ç—å! –°–º–æ—Ç—Ä—é –Ω–∞ –°–µ—Ä—ë–∂—É, –≤–∏–∂—É –î–∏ –ö–∞–ø—Ä–∏–æ. –ò –Ω–∞–æ–±–æ—Ä–æ—Ç) –∫–∞–∫ —ç—Ç–æ —Ä–∞–±–æ—Ç–∞–µ—Ç, –Ω–µ –∑–Ω–∞—éüòÇ",7,5 stars
–ü—Ä–∏–≤–µ—Ç –∏–∑ –ß–µ –±–æ–∫—Å–∞—Ä,0,5 stars
–°–µ—Ä—ë–≥–∞‚ù§,0,5 stars
–ß–µ–±–æ–∫—Å–∞—Ä—ãü§óüòä,1,5 stars
"–ü–æ—Å–º–æ—Ç—Ä–µ–ª, –Ω–µ —É–¥–∞–ª—è–π, –±—É–¥—É –ø–µ—Ä–µ—Å–º–∞—Ç—Ä–∏–≤–∞—Ç—å",5,1 star
–ß–µ–±–æ–∫—Å–∞—Ä—ãü§óüòä,0,5 stars
–ë—É—Ä—É–Ω–æ–≤ —Ç–æ–ø,0,4 stars
"–ù–µ —Å–º–æ—Ç—Ä–µ–ª –≤—ã–ø—É—Å–∫, –Ω–æ –∑–Ω–∞—é, —á—Ç–æ —É–∂–µ –±—É–¥–µ—Ç —Ç–æ–ø 100%üéâ",9,5 stars
–õ–∞–π–∫ –Ω–µ –≥–ª—è–¥—è ‚ù§,1,1 star
"–Ø —Ç—É—Ç ,–±—É—Ä—É–Ω–æ–≤ –ø–µ—Ä–µ–¥–∞–π –ø—Ä–∏–≤–µ—Ç .–∏–ª–∏ —Ö–æ—Ç—è –±—ã –±–∞—Å—Ç–∞ üòÇ",6,5 stars
–° —Ç–∞–∫–∏–º–∏ –ª—é–¥—å–º–∏ –í–¢–û–†–£–Æ —á–∞—Å—Ç—å —à–æ—É –¥–µ–ª–∞—Ç—å –Ω–µ —Å—Ç—ã–¥–Ω–æ!),136,5 stars
–ù–æ–æ—Ä—Ä–º,1,3 stars
"–í–∞—Å—è –ª—É–ø–∏—Ç –∫–∞–∫ –∏–∑ –ø—É—à–∫–∏ —Å—É–ø–µ—Ä –≥–æ—Å—Ç–µ–ô, –í–∞—Å–∏–ª–∏–π –æ—Ç –¥—É—à–∏ —Ç–µ–±–µ –¥—è–¥—å–∫–∞",5,5 stars
–ë–∞—Å—Ç–∞ –ø–µ—Ä–µ–±–∏–≤–∞–µ—Ç —Ç–æ–ª—å–∫–æ —Ç–µ—Ö –∫–æ–≥–æ –Ω–µ —É–≤–∞–∂–∞–µ—Ç? üòÇ,0,1 star
–ö–†–£–¢–û! –Ω–∞–¥–æ –≥–ª—è–Ω—É—Ç—å. –ë—É—Ä—É–Ω–æ–≤ —Ç–æ–ø,2,1 star
–ú—É–∂—á–∏–Ω–∞<br>–î–∞ –∫–∞–∫–æ–π —è —Ç–µ–±–µ –Ω–∞–• –º—É–∂—á–∏–Ω–∞ –∞—Ö–∞—Ö–∞—Ö!!!_ –°–µ—Ä—ë–≥–∞ –º–∞—à–∏–Ω–∞ —é–º–æ—Ä–∞!_üëç,0,1 star
–ù–∏ —Ä–∞–∑—É –≤ –∂–∏–∑–Ω–∏ —Ç–∞–∫ –±—ã—Å—Ç—Ä–æ –Ω–µ –ø–µ—Ä–µ—Ö–æ–¥–∏–ª–∞ –Ω–∞ –≤–∏–¥–µ–æ —Å –¥—Ä—É–≥–æ–≥–æ ‚ù§,0,1 star
–û–±–æ–∂–∞—é –±—É—Ä—É–Ω–æ–≤–∞,3,3 stars
"–ù–µ –ø–µ—Ä–≤—ã–π, –±–ª—è—è—è—è—è",0,2 stars
–ö–∞–∫—Ä–∞–∑ –∫—É—à–∞—Ç—å —Å–µ–ª :),0,5 stars
"–ö—Ç–æ –Ω–µ –ø–æ—Å—Ç–∞–≤–∏–ª –ª–∞–π–∫, —Ç–æ—Ç –Ω–µ –ø–æ—Å—Ç–∞–≤–∏–ª –ª–∞–π–∫.",0,1 star
".... –ó–î–†–ê–í–°–¢–í–£–ô–¢–ï .., –ü–û–ú–ù–ò–¢–ï–ï‚ù§üéâüéâüòÖüòä ,,  –ú–ù–ï–ï –ü–ò–ò–ò–ò–ò–ó–î–ê–ê , –ú–ù–ï –ü–ò–ó–î–ê–ê–êüòÇüòÇüòÇüòÇüòÇüòÇüòÇüòÇüòÇüòÇ",0,5 stars
"–±—É—Ä—É–Ω–æ–≤ –Ω–∞—Å—Ç–æ–ª—å–∫–æ —Ö–æ—Ä–æ—à, —á—Ç–æ –≤—ã—à–µ–ª –±—É—Ä—É–Ω–æ–≤ 2",156,5 stars
‚ù§,0,5 stars
–û–∑–µ–º–ø–∏–∫—É —Ç–≤–æ—Ä–∏—Ç —á—É–¥–µ—Å–∞!,0,5 stars
–ë—É—Ä—É–Ω–æ–≤ –æ–¥–∏–Ω –∏–∑ –ª—É—á—à–∏—Ö –∞–∫—Ç–µ—Ä–æ–≤ –†–æ—Å—Å–∏–∏ !,75,5 stars
–£—Ä–∞ –æ–ø—è—Ç—å –ë—É—Ä—É–Ω–æ–≤!,27,1 star
–û—Ç–ª–∏—á–Ω–æ–≥–æ –ø—Ä–æ—Å–º–æ—Ç—Ä–∞ ü§ùüèºü¶æüî•,0,5 stars
–ë—É—Ä—É–Ω–æ–≤ –ª–µ–≥–µ–Ω–¥–∞!!!!!!!!!!,0,5 stars
–ù–ê–ö–û–ù–ï–¶ –¢–û –•–û–¢–¨ –ö–¢–û –¢–û –ù–û–†–ú–ê–õ–¨–ù–´–ô üôåüèΩüôåüèΩüôåüèΩüôåüèΩüôåüèΩüôåüèΩüôåüèΩüôåüèΩ,0,3 stars
maslo_eco !!!!!!<br><br>üòÅ,0,1 star
–ö–æ–≥–¥–∞ –æ–¥–Ω–æ–≥–æ –≤—ã–ø—É—Å–∫–∞ –±—ã–ª–æ –º–∞–ª–æüòÇ,0,1 star
"<a href=""https://www.youtube.com/watch?v=sdXhiBEA1Hc&amp;t=169"">2:49</a> –∞ —Ç—ã –≤ –Ω–æ–º–∏–Ω–∞—Ü–∏–∏ –∏–¥—Ä —Ç—ã—Å—è—á–µ–ª–µ—Ç–∏—è –ø–µ—Ä–≤—ã–π, –Ω–µ –ø–µ—Ä–µ–∂–∏–≤–∞–π —Ö—É–∏–ø–∞—Å—Ç–∞",0,5 stars
–∑–¥–∞—Ä–æ–≤–∞ –º—É–∂–∏–∫–∏,0,3 stars
—è –ø–µ—Ä–≤—ã–π!!<br>upd: –∞ –æ–π –¥–≤–∞–¥—Ü–∞—Ç—å —Å–µ–¥—å–º–æ–π,1,5 stars
–í—ã–ø—É—Å–∫ –ø—Ä–æ—Å—Ç–æ –ø—É—à–∫–∞üòÇ<br>–ë–∞—Å—Ç—É –æ–±–Ω—è–ª! –ë—É—Ä—É–Ω–¥—É–∫–æ–≤ —Ç–æ–∂–µ —É–≤–∞–∂–µ–Ω–∏–µ,2,5 stars
"–í–∞—Å—è, –ø—Ä–∏–≤–µ—Ç.",0,5 stars
"–î–æ–±—Ä–æ–≥–æ –≤—Ä–µ–º–µ–Ω–∏ —Å—É—Ç–æ–∫, –≤—Å–µ–º –ø—Ä–∏—è—Ç–Ω–æ–≥–æ –ø—Ä–æ—Å–º–æ—Ç—Ä–∞ –∏ –ø—Ä–∏—è—Ç–Ω–æ–≥–æ –∞–ø–ø–µ—Ç–∏—Ç–∞)",2,5 stars
–¢–æ–ø—á–∏–∫,0,4 stars
–õ—É—á—à–∏–π!!,2,5 stars
–ù—É –≤–æ—Ç –∏ –≤—ã–∫–∞—Ç–∏–ª—Å—è –≤—ã–ø—É—Å–∫ –º–Ω–µ –ø–æ–¥ &quot;–∑–∞–≤—Ç—Ä–∞–∫&quot;. –í—Å–µ–º –ø—Ä–∏—è—Ç–Ω–æ–≥–æ –∞–ø–ø–µ—Ç–∏—Ç–∞),0,5 stars
–ü—É—à–∫–∞,1,4 stars
–° –ú–∞—Ä–≥–æ –†–æ–±–±–∏ —Ç–æ–øüòÇ,0,4 stars
"–∞—Ö—É–µ–Ω–Ω—ã–π –≤–∏–¥–æ—Å, 2 —Ä–∞–∑–∞ —É–∂–µ –ø–æ—Å–º–æ—Ç—Ä–µ–ª",0,1 star
–ø–∏—É–ø–∏—É,0,3 stars
üòÇ,0,5 stars
–ù—É –∫–∞–∫–æ–π –∂–µ –æ–Ω –∫—Ä–∞—Å–∞–≤—á–∏–∫. –°–ò–õ–¨–ù–´–ô –í–´–ü–£–°–ö!!! –õ–∞–∫–∏ –ø—Ä–∏–≤–µ—Ç,6,5 stars
–†–æ–ª–∏–∫ –ø–æ—è–≤–∏–ª—Å—è –Ω–∞ –≥–ª–∞–∑–∞—Ö,0,1 star
–û—Ö—Ä–µ–Ω–µ—Ç—å! –î–∞!‚ù§,1,5 stars
–û–¥–∏–Ω –∏–∑ –ø–µ—Ä–≤—ã—Ö,0,5 stars
–ù–µ –ø–µ—Ä–≤—ã–π ü•≤,0,2 stars
–£—Ö–∞—Ö–∞—Ö—Ö –º—ã –≤—Å–µ –Ω–µ–º–Ω–æ–∂–∫–æ –ø–µ—Ä–≤—ã–µüòÇ,0,1 star
–ª–∞–π–∫,0,4 stars
"–í–∞—Å–∏–ª–∏–π –ø—Ä–∏–≤–µ—Ç, —Ö–æ—Ä–æ—à–µ–≥–æ –¥–Ω—è!",1,5 stars
–ö—Ä—É—Ç–æ,1,1 star
–ë—É—Ä—É–Ω–æ–≤ –õ–µ–≥–µ–Ω–¥–∞!,82,5 stars
–ú–æ–ª–æ–∫–æ,0,4 stars
–°—É–ø–µ—Ä —á–µ–ª–æ–≤–µ–∫!,41,5 stars
–ø–æ –∑–æ–≤—É —Å–µ—Ä–¥—Ü–∞ ü§åüèª,5,4 stars
–∫–∞–∫ –≤—Å–µ–≥–¥–∞ –±–µ–∑–∑—É–±—ã–π –≥–Ω–æ–º –Ω–∞ –∑–∞–¥–Ω–µ–º –ø–ª–∞–Ω–µ —á–µ—Ç–æ –ø—Ä–µ—Ç—Å—è,0,5 stars
–ë—É—Ä—É–Ω–æ–≤ –∫—Ä–∞—Å–∞–≤—á–∏–∫ üòÖ,0,5 stars
–ù–∏—Ö—É—è,0,1 star
–õ—É—á—à–∏–π,0,5 stars
–ü–µ—Ä–≤—ã–π –Ω–∞—Ö!!!!,0,5 stars
–ü–µ—Ä–≤—ã–π,1,5 stars
–ü–µ—Ä–≤—ã–π?,0,1 star
